Date,Africa,North America,South America,Asia (ex China),West Europe,East & Central Europe,Oceania,GCC,China,China Estimated Unreported,ROW Estimated Unreported,Total,Daily Average
2019-11-01,133.0,311.0,95.0,359.0,282.0,345.0,157.0,481.0,2.0,880.0,150.0,5193.0,173.1
2019-10-01,138.0,316.0,101.0,370.0,286.0,356.0,162.0,494.0,2.0,976.0,150.0,5349.0,172.5
2019-09-01,134.0,310.0,94.0,361.0,276.0,344.0,158.0,478.0,2.0,917.0,150.0,5222.0,174.1
2019-08-01,139.0,321.0,95.0,374.0,286.0,356.0,165.0,494.0,2.0,974.0,150.0,5354.0,172.7
2019-07-01,137.0,322.0,93.0,372.0,286.0,356.0,162.0,480.0,3.0,60.0,150.0,5418.0,174.8
2019-06-01,135.0,314.0,85.0,360.0,284.0,343.0,159.0,458.0,2.0,973.0,150.0,5261.0,175.4
2019-05-01,142.0,326.0,86.0,374.0,293.0,353.0,164.0,467.0,3.0,55.0,150.0,5410.0,174.5
2019-04-01,135.0,318.0,81.0,363.0,286.0,339.0,158.0,452.0,2.0,958.0,150.0,5240.0,174.7
2019-03-01,144.0,325.0,89.0,378.0,296.0,349.0,162.0,464.0,3.0,38.0,150.0,5395.0,174.0
2019-02-01,127.0,296.0,82.0,345.0,274.0,314.0,147.0,416.0,2.0,776.0,150.0,4927.0,176.0
2019-01-01,140.0,326.0,82.0,373.0,306.0,345.0,161.0,461.0,3.0,76.0,150.0,5420.0,174.8
2018-12-01,141.0,329.0,92.0,381.0,307.0,344.0,165.0,447.0,3.0,140.0,150.0,5496.0,177.3
2018-11-01,137.0,318.0,89.0,361.0,310.0,332.0,156.0,432.0,3.0,42.0,150.0,5327.0,177.6
2018-10-01,143.0,323.0,93.0,377.0,321.0,343.0,164.0,450.0,3.0,126.0,150.0,5490.0,177.1
2018-09-01,138.0,310.0,89.0,364.0,312.0,332.0,159.0,437.0,3.0,10.0,150.0,5301.0,176.7
2018-08-01,144.0,320.0,95.0,377.0,321.0,343.0,163.0,454.0,3.0,120.0,150.0,5487.0,177.0
2018-07-01,144.0,313.0,96.0,376.0,321.0,343.0,166.0,451.0,3.0,115.0,150.0,5475.0,176.6
2018-06-01,140.0,303.0,88.0,368.0,310.0,333.0,155.0,437.0,3.0,50.0,150.0,5334.0,177.8
2018-05-01,134.0,321.0,94.0,372.0,315.0,345.0,163.0,452.0,3.0,90.0,150.0,5436.0,175.4
2018-04-01,138.0,311.0,103.0,355.0,303.0,334.0,156.0,443.0,3.0,7.0,150.0,5300.0,176.7
2018-03-01,143.0,319.0,112.0,377.0,310.0,345.0,162.0,462.0,3.0,42.0,150.0,5422.0,174.9
2018-02-01,128.0,285.0,103.0,338.0,282.0,311.0,146.0,414.0,2.0,750.0,150.0,4907.0,175.3
2018-01-01,138.0,322.0,110.0,369.0,321.0,344.0,162.0,452.0,2.0,993.0,150.0,5361.0,172.9
2017-12-01,141.0,337.0,111.0,363.0,322.0,343.0,163.0,445.0,3.0,24.0,150.0,5399.0,174.2
2017-11-01,139.0,322.0,110.0,345.0,311.0,332.0,155.0,424.0,2.0,650.0,150.0,4938.0,164.6
2017-10-01,142.0,335.0,119.0,352.0,320.0,342.0,161.0,428.0,2.0,856.0,150.0,5205.0,167.9
2017-09-01,138.0,324.0,111.0,342.0,310.0,329.0,157.0,404.0,2.0,906.0,150.0,5171.0,172.4
2017-08-01,143.0,336.0,118.0,337.0,320.0,339.0,160.0,423.0,2.0,950.0,150.0,5276.0,170.2
2017-07-01,142.0,334.0,119.0,324.0,320.0,339.0,156.0,445.0,2.0,996.0,150.0,5325.0,171.8
2017-06-01,140.0,323.0,114.0,311.0,310.0,327.0,149.0,426.0,3.0,231.0,150.0,5481.0,182.7
2017-05-01,141.0,335.0,120.0,319.0,321.0,338.0,144.0,429.0,3.0,135.0,150.0,5432.0,175.2
2017-04-01,138.0,326.0,116.0,318.0,312.0,327.0,142.0,418.0,3.0,66.0,150.0,5313.0,177.1
2017-03-01,142.0,337.0,118.0,336.0,320.0,338.0,148.0,454.0,3.0,17.0,150.0,5360.0,172.9
2017-02-01,130.0,304.0,105.0,289.0,290.0,306.0,131.0,407.0,2.0,814.0,150.0,4926.0,175.9
2017-01-01,143.0,337.0,117.0,315.0,320.0,339.0,151.0,446.0,3.0,260.0,150.0,5578.0,179.9
2016-12-01,143.0,338.0,120.0,313.0,322.0,339.0,150.0,446.0,2.0,975.0,150.0,5296.0,170.8
2016-11-01,139.0,326.0,111.0,301.0,313.0,327.0,164.0,432.0,2.0,882.0,150.0,5145.0,171.5
2016-10-01,148.0,337.0,118.0,299.0,320.0,337.0,170.0,447.0,2.0,811.0,150.0,5137.0,165.7
2016-09-01,141.0,325.0,112.0,293.0,310.0,325.0,164.0,431.0,2.0,833.0,150.0,5084.0,169.5
2016-08-01,145.0,334.0,114.0,301.0,317.0,334.0,168.0,441.0,2.0,798.0,150.0,5102.0,164.6
2016-07-01,144.0,336.0,115.0,299.0,315.0,335.0,169.0,439.0,2.0,744.0,150.0,5046.0,162.8
2016-06-01,139.0,324.0,107.0,282.0,307.0,326.0,164.0,422.0,2.0,768.0,150.0,4989.0,166.3
2016-05-01,142.0,337.0,117.0,281.0,322.0,338.0,168.0,439.0,2.0,760.0,150.0,5054.0,163.0
2016-04-01,135.0,329.0,112.0,264.0,312.0,327.0,162.0,424.0,2.0,651.0,150.0,4866.0,162.2
2016-03-01,141.0,329.0,115.0,273.0,321.0,338.0,167.0,435.0,2.0,705.0,150.0,4974.0,160.5
2016-02-01,133.0,344.0,107.0,259.0,299.0,317.0,156.0,409.0,2.0,149.0,150.0,4323.0,149.1
2016-01-01,141.0,368.0,113.0,277.0,321.0,338.0,169.0,432.0,2.0,565.0,150.0,4874.0,157.2
2015-12-01,141.0,371.0,112.0,273.0,321.0,335.0,168.0,438.0,2.0,518.0,150.0,4827.0,155.7
2015-11-01,139.0,369.0,106.0,262.0,313.0,320.0,162.0,417.0,2.0,671.0,150.0,4909.0,163.6
2015-10-01,144.0,377.0,110.0,267.0,317.0,328.0,169.0,433.0,2.0,662.0,150.0,4957.0,159.9
2015-09-01,140.0,366.0,104.0,256.0,308.0,315.0,163.0,419.0,2.0,703.0,150.0,4924.0,164.1
2015-08-01,145.0,378.0,112.0,257.0,316.0,322.0,168.0,433.0,2.0,721.0,150.0,5002.0,161.4
2015-07-01,142.0,374.0,103.0,251.0,317.0,322.0,169.0,430.0,2.0,711.0,150.0,4969.0,160.3
2015-06-01,140.0,365.0,104.0,244.0,310.0,313.0,163.0,420.0,2.0,743.0,150.0,4952.0,165.1
2015-05-01,144.0,381.0,114.0,254.0,318.0,323.0,168.0,433.0,2.0,690.0,150.0,4975.0,160.5
2015-04-01,138.0,371.0,114.0,242.0,307.0,313.0,162.0,420.0,2.0,581.0,150.0,4798.0,159.9
2015-03-01,141.0,384.0,120.0,242.0,316.0,324.0,168.0,437.0,2.0,587.0,150.0,4869.0,157.1
2015-02-01,130.0,348.0,106.0,217.0,287.0,293.0,151.0,393.0,2.0,348.0,150.0,4423.0,158.0
2015-01-01,143.0,385.0,120.0,236.0,315.0,321.0,167.0,431.0,2.0,583.0,150.0,4851.0,156.5
2014-12-01,142.0,386.0,123.0,233.0,313.0,323.0,167.0,428.0,2.0,575.0,150.0,4840.0,156.1
2014-11-01,139.0,370.0,116.0,222.0,302.0,312.0,165.0,414.0,2.0,512.0,150.0,4702.0,156.7
2014-10-01,144.0,379.0,120.0,204.0,307.0,321.0,165.0,426.0,2.0,463.0,150.0,4679.0,150.9
2014-09-01,142.0,372.0,111.0,194.0,298.0,310.0,160.0,413.0,2.0,412.0,150.0,4562.0,152.1
2014-08-01,148.0,386.0,116.0,198.0,306.0,319.0,166.0,426.0,2.0,398.0,150.0,4613.0,148.8
2014-07-01,144.0,386.0,117.0,203.0,306.0,319.0,175.0,427.0,2.0,340.0,150.0,4567.0,147.3
2014-06-01,143.0,372.0,117.0,193.0,297.0,309.0,174.0,412.0,2.0,312.0,150.0,4479.0,149.3
2014-05-01,152.0,392.0,135.0,203.0,304.0,319.0,178.0,418.0,2.0,250.0,150.0,4501.0,145.2
2014-04-01,147.0,381.0,140.0,195.0,290.0,308.0,173.0,394.0,2.0,243.0,150.0,4421.0,147.4
2014-03-01,151.0,400.0,152.0,201.0,302.0,319.0,177.0,388.0,2.0,349.0,150.0,4589.0,148.0
2014-02-01,138.0,362.0,139.0,182.0,275.0,287.0,159.0,332.0,2.0,152.0,150.0,4176.0,149.1
2014-01-01,156.0,399.0,157.0,201.0,296.0,318.0,176.0,354.0,2.0,311.0,150.0,4518.0,145.7
2013-12-01,156.0,399.0,155.0,206.0,304.0,316.0,179.0,336.0,2.0,322.0,90.0,4463.0,144.0
2013-11-01,150.0,388.0,151.0,194.0,302.0,308.0,174.0,310.0,2.0,332.0,90.0,4399.0,146.6
2013-10-01,156.0,401.0,156.0,202.0,310.0,316.0,180.0,326.0,2.0,341.0,90.0,4478.0,144.5
2013-09-01,150.0,394.0,152.0,196.0,300.0,315.0,174.0,326.0,2.0,236.0,90.0,4333.0,144.4
2013-08-01,156.0,416.0,161.0,200.0,311.0,333.0,179.0,334.0,2.0,253.0,90.0,4433.0,143.0
2013-07-01,157.0,425.0,161.0,200.0,309.0,342.0,178.0,334.0,2.0,229.0,90.0,4425.0,142.7
2013-06-01,151.0,413.0,153.0,197.0,298.0,335.0,175.0,327.0,2.0,221.0,90.0,4360.0,145.3
2013-05-01,153.0,428.0,164.0,208.0,306.0,349.0,176.0,334.0,2.0,157.0,90.0,4365.0,140.8
2013-04-01,145.0,416.0,162.0,207.0,298.0,341.0,171.0,320.0,2.0,85.0,90.0,4235.0,141.2
2013-03-01,147.0,428.0,169.0,217.0,306.0,357.0,178.0,328.0,2.0,125.0,90.0,4345.0,140.2
2013-02-01,138.0,385.0,154.0,196.0,273.0,323.0,161.0,293.0,2.0,82.0,90.0,4095.0,146.3
2013-01-01,153.0,425.0,168.0,216.0,299.0,360.0,179.0,319.0,2.0,151.0,90.0,4360.0,140.6
2012-12-01,153.0,424.0,170.0,217.0,297.0,361.0,180.0,314.0,2.0,82.0,65.0,4263.0,137.5
2012-11-01,144.0,408.0,163.0,207.0,288.0,349.0,174.0,302.0,1.0,972.0,65.0,4072.0,135.7
2012-10-01,142.0,415.0,172.0,210.0,296.0,361.0,175.0,313.0,2.0,37.0,65.0,4186.0,135.0
2012-09-01,134.0,393.0,167.0,204.0,290.0,350.0,170.0,299.0,1.0,982.0,65.0,4054.0,135.1
2012-08-01,141.0,402.0,173.0,213.0,304.0,362.0,182.0,307.0,2.0,69.0,65.0,4218.0,136.1
2012-07-01,136.0,410.0,172.0,213.0,304.0,366.0,183.0,304.0,1.0,990.0,65.0,4143.0,133.6
2012-06-01,128.0,397.0,167.0,206.0,297.0,355.0,183.0,297.0,1.0,994.0,65.0,4089.0,136.3
2012-05-01,131.0,410.0,173.0,215.0,309.0,369.0,189.0,310.0,1.0,998.0,65.0,4169.0,134.5
2012-04-01,125.0,395.0,173.0,211.0,297.0,358.0,183.0,304.0,1.0,841.0,65.0,3952.0,131.7
2012-03-01,127.0,408.0,179.0,219.0,314.0,371.0,190.0,310.0,1.0,884.0,65.0,4067.0,131.2
2012-02-01,132.0,382.0,168.0,204.0,295.0,348.0,181.0,290.0,1.0,848.0,65.0,3913.0,134.9
2012-01-01,146.0,407.0,175.0,216.0,314.0,373.0,196.0,312.0,1.0,837.0,65.0,4041.0,130.4
2011-12-01,157.0,432.0,175.0,216.0,329.0,373.0,198.0,309.0,1.0,695.0,48.0,3932.0,126.8
2011-11-01,153.0,418.0,170.0,201.0,333.0,361.0,190.0,299.0,1.0,655.0,48.0,3828.0,127.6
2011-10-01,155.0,427.0,190.0,210.0,343.0,370.0,197.0,309.0,1.0,685.0,48.0,3934.0,126.9
2011-09-01,149.0,415.0,184.0,202.0,333.0,359.0,189.0,293.0,1.0,769.0,48.0,3941.0,131.4
2011-08-01,155.0,424.0,186.0,213.0,347.0,367.0,195.0,298.0,1.0,793.0,48.0,4026.0,129.9
2011-07-01,151.0,423.0,185.0,214.0,348.0,361.0,197.0,293.0,1.0,783.0,48.0,4003.0,129.1
2011-06-01,148.0,411.0,179.0,205.0,336.0,345.0,191.0,284.0,1.0,752.0,48.0,3899.0,130.0
2011-05-01,154.0,422.0,185.0,215.0,348.0,356.0,196.0,292.0,1.0,735.0,48.0,3951.0,127.5
2011-04-01,146.0,408.0,184.0,214.0,332.0,357.0,189.0,281.0,1.0,639.0,48.0,3798.0,126.6
2011-03-01,150.0,416.0,187.0,222.0,340.0,370.0,192.0,287.0,1.0,609.0,48.0,3821.0,123.3
2011-02-01,136.0,368.0,171.0,202.0,304.0,332.0,178.0,259.0,1.0,479.0,48.0,3477.0,124.2
2011-01-01,151.0,405.0,189.0,219.0,334.0,368.0,194.0,279.0,1.0,478.0,48.0,3665.0,118.2
2010-12-01,149.0,399.0,194.0,216.0,335.0,369.0,194.0,268.0,1.0,346.0,61.0,3531.0,113.9
2010-11-01,148.0,388.0,190.0,209.0,324.0,356.0,188.0,254.0,1.0,297.0,61.0,3415.0,113.8
2010-10-01,149.0,399.0,198.0,216.0,329.0,365.0,196.0,248.0,1.0,391.0,61.0,3552.0,114.6
2010-09-01,145.0,381.0,190.0,206.0,318.0,352.0,189.0,226.0,1.0,409.0,61.0,3477.0,115.9
2010-08-01,151.0,389.0,197.0,211.0,323.0,363.0,195.0,232.0,1.0,488.0,61.0,3610.0,116.5
2010-07-01,146.0,390.0,195.0,201.0,321.0,364.0,194.0,245.0,1.0,517.0,61.0,3634.0,117.2
2010-06-01,142.0,388.0,189.0,200.0,309.0,352.0,187.0,231.0,1.0,524.0,61.0,3583.0,119.4
2010-05-01,146.0,402.0,195.0,211.0,323.0,363.0,193.0,225.0,1.0,518.0,61.0,3637.0,117.3
2010-04-01,142.0,389.0,189.0,209.0,308.0,352.0,186.0,208.0,1.0,492.0,61.0,3536.0,117.9
2010-03-01,144.0,403.0,195.0,220.0,316.0,357.0,191.0,219.0,1.0,494.0,61.0,3600.0,116.1
2010-02-01,136.0,362.0,177.0,195.0,283.0,313.0,172.0,178.0,1.0,403.0,61.0,3280.0,117.1
2010-01-01,144.0,399.0,196.0,206.0,311.0,347.0,192.0,190.0,1.0,452.0,61.0,3498.0,112.8
2009-12-01,146.0,397.0,209.0,386.0,307.0,347.0,192.0,,1.0,391.0,52.0,3427.0,110.5
2009-11-01,141.0,382.0,202.0,368.0,295.0,337.0,184.0,,1.0,387.0,52.0,3348.0,111.6
2009-10-01,146.0,393.0,211.0,380.0,302.0,346.0,188.0,,1.0,354.0,52.0,3372.0,108.8
2009-09-01,140.0,376.0,204.0,365.0,296.0,333.0,182.0,,1.0,279.0,52.0,3227.0,107.6
2009-08-01,144.0,387.0,212.0,377.0,306.0,341.0,188.0,,1.0,213.0,52.0,3220.0,103.9
2009-07-01,144.0,389.0,211.0,373.0,306.0,340.0,187.0,,1.0,148.0,52.0,3150.0,101.6
2009-06-01,140.0,380.0,207.0,361.0,293.0,331.0,181.0,,1.0,89.0,52.0,3034.0,101.1
2009-05-01,141.0,403.0,211.0,374.0,308.0,342.0,187.0,,1044.0,52.0,3062.0,98.8,
2009-04-01,135.0,396.0,207.0,359.0,302.0,334.0,181.0,,952.0,52.0,2918.0,97.3,
2009-03-01,139.0,415.0,219.0,371.0,329.0,360.0,186.0,,943.0,52.0,3014.0,97.2,
2009-02-01,123.0,386.0,196.0,330.0,318.0,330.0,169.0,,929.0,52.0,2833.0,101.2,
2009-01-01,142.0,455.0,219.0,356.0,360.0,376.0,186.0,,955.0,52.0,3101.0,100.0,
2008-12-01,148.0,467.0,222.0,334.0,375.0,395.0,189.0,,986.0,61.0,3177.0,102.5,
2008-11-01,144.0,460.0,219.0,314.0,375.0,384.0,186.0,,1031.0,61.0,3174.0,105.8,
2008-10-01,147.0,483.0,227.0,346.0,392.0,397.0,195.0,,1.0,146.0,61.0,3394.0,109.5
2008-09-01,141.0,471.0,219.0,331.0,377.0,383.0,188.0,,1.0,196.0,61.0,3367.0,112.2
2008-08-01,146.0,486.0,228.0,335.0,390.0,395.0,195.0,,1.0,230.0,61.0,3466.0,111.8
2008-07-01,145.0,487.0,229.0,338.0,386.0,393.0,193.0,,1.0,208.0,61.0,3440.0,111.0
2008-06-01,139.0,479.0,220.0,324.0,381.0,380.0,188.0,,1.0,212.0,61.0,3384.0,112.8
2008-05-01,142.0,501.0,225.0,332.0,401.0,393.0,196.0,,1.0,207.0,61.0,3458.0,111.5
2008-04-01,135.0,484.0,218.0,320.0,389.0,381.0,192.0,,1.0,141.0,61.0,3321.0,110.7
2008-03-01,143.0,500.0,223.0,323.0,395.0,394.0,196.0,,1.0,84.0,61.0,3319.0,107.1
2008-02-01,134.0,467.0,207.0,300.0,368.0,370.0,183.0,,1.0,44.0,61.0,3134.0,108.1
2008-01-01,151.0,498.0,223.0,326.0,389.0,393.0,196.0,,1.0,100.0,61.0,3337.0,107.6
2007-12-01,154.0,495.0,223.0,322.0,385.0,390.0,197.0,,1.0,147.0,61.0,3374.0,108.8
2007-11-01,150.0,475.0,213.0,311.0,364.0,379.0,190.0,,1.0,135.0,61.0,3278.0,109.3
2007-10-01,152.0,487.0,219.0,319.0,372.0,390.0,197.0,,1.0,136.0,61.0,3333.0,107.5
2007-09-01,148.0,470.0,212.0,307.0,358.0,371.0,191.0,,1.0,119.0,61.0,3237.0,107.9
2007-08-01,154.0,482.0,219.0,316.0,368.0,383.0,196.0,,1.0,110.0,61.0,3289.0,106.1
2007-07-01,153.0,481.0,218.0,315.0,365.0,380.0,195.0,,1.0,73.0,61.0,3241.0,104.5
2007-06-01,149.0,461.0,210.0,306.0,353.0,365.0,190.0,,1.0,34.0,61.0,3129.0,104.3
2007-05-01,151.0,473.0,218.0,313.0,362.0,376.0,197.0,,1.0,2.0,61.0,3153.0,101.7
2007-04-01,146.0,462.0,210.0,301.0,347.0,360.0,191.0,,991.0,61.0,3069.0,102.3,
2007-03-01,156.0,475.0,213.0,311.0,357.0,369.0,197.0,,965.0,61.0,3104.0,100.1,
2007-02-01,143.0,420.0,191.0,283.0,321.0,334.0,178.0,,936.0,61.0,2867.0,102.4,
2007-01-01,159.0,461.0,212.0,313.0,353.0,363.0,196.0,,940.0,61.0,3058.0,98.6,
2006-12-01,161.0,458.0,212.0,309.0,357.0,363.0,197.0,,894.0,60.0,3011.0,97.1,
2006-11-01,153.0,440.0,206.0,297.0,345.0,347.0,191.0,,871.0,60.0,2910.0,97.0,
2006-10-01,158.0,451.0,212.0,305.0,358.0,359.0,196.0,,854.0,60.0,2953.0,95.3,
2006-09-01,153.0,432.0,205.0,289.0,343.0,346.0,189.0,,821.0,60.0,2838.0,94.6,
2006-08-01,159.0,442.0,213.0,297.0,351.0,358.0,194.0,,812.0,60.0,2886.0,93.1,
2006-07-01,159.0,450.0,212.0,295.0,349.0,359.0,194.0,,787.0,60.0,2865.0,92.4,
2006-06-01,154.0,439.0,205.0,281.0,344.0,346.0,186.0,,775.0,60.0,2790.0,93.0,
2006-05-01,156.0,455.0,213.0,294.0,356.0,357.0,193.0,,751.0,60.0,2835.0,91.5,
2006-04-01,152.0,441.0,206.0,285.0,346.0,348.0,183.0,,724.0,60.0,2745.0,91.5,
2006-03-01,160.0,456.0,210.0,293.0,356.0,361.0,190.0,,704.0,60.0,2790.0,90.0,
2006-02-01,142.0,413.0,190.0,261.0,321.0,325.0,171.0,,667.0,60.0,2550.0,91.1,
2006-01-01,157.0,456.0,209.0,287.0,356.0,361.0,190.0,,689.0,60.0,2765.0,89.2,
2005-12-01,159.0,466.0,209.0,287.0,362.0,358.0,190.0,,690.0,53.0,2774.0,89.5,
2005-11-01,148.0,454.0,200.0,277.0,355.0,346.0,185.0,,686.0,53.0,2704.0,90.1,
2005-10-01,152.0,464.0,206.0,283.0,368.0,356.0,194.0,,687.0,53.0,2763.0,89.1,
2005-09-01,144.0,447.0,199.0,271.0,355.0,343.0,188.0,,695.0,53.0,2695.0,89.8,
2005-08-01,149.0,467.0,205.0,279.0,366.0,356.0,192.0,,693.0,53.0,2760.0,89.0,
2005-07-01,148.0,468.0,202.0,274.0,370.0,357.0,192.0,,672.0,53.0,2736.0,88.3,
2005-06-01,141.0,453.0,194.0,264.0,358.0,346.0,186.0,,658.0,53.0,2653.0,88.4,
2005-05-01,141.0,463.0,201.0,262.0,373.0,355.0,192.0,,645.0,53.0,2685.0,86.6,
2005-04-01,143.0,445.0,194.0,243.0,360.0,345.0,185.0,,624.0,53.0,2592.0,86.4,
2005-03-01,150.0,445.0,202.0,243.0,374.0,357.0,190.0,,600.0,53.0,2614.0,84.3,
2005-02-01,132.0,391.0,181.0,214.0,338.0,321.0,170.0,,571.0,53.0,2371.0,84.7,
2005-01-01,146.0,419.0,198.0,242.0,373.0,354.0,188.0,,585.0,53.0,2558.0,82.5,
2004-12-01,149.0,418.0,202.0,238.0,371.0,350.0,192.0,,623.0,48.0,2591.0,83.6,
2004-11-01,143.0,407.0,195.0,231.0,359.0,339.0,184.0,,611.0,48.0,2517.0,83.9,
2004-10-01,148.0,418.0,201.0,238.0,371.0,349.0,190.0,,591.0,48.0,2554.0,82.4,
2004-09-01,143.0,402.0,195.0,229.0,358.0,339.0,185.0,,575.0,48.0,2474.0,82.5,
2004-08-01,146.0,415.0,200.0,231.0,367.0,349.0,190.0,,580.0,48.0,2526.0,81.5,
2004-07-01,145.0,420.0,200.0,231.0,365.0,348.0,191.0,,562.0,48.0,2510.0,81.0,
2004-06-01,138.0,425.0,191.0,221.0,350.0,340.0,184.0,,554.0,48.0,2451.0,81.7,
2004-05-01,143.0,446.0,200.0,228.0,359.0,354.0,191.0,,551.0,48.0,2520.0,81.3,
2004-04-01,139.0,432.0,193.0,219.0,347.0,341.0,184.0,,526.0,48.0,2429.0,81.0,
2004-03-01,140.0,450.0,199.0,228.0,358.0,351.0,189.0,,518.0,48.0,2481.0,80.0,
2004-02-01,134.0,424.0,185.0,212.0,334.0,328.0,178.0,,498.0,48.0,2341.0,80.7,
2004-01-01,143.0,453.0,195.0,229.0,356.0,351.0,188.0,,500.0,48.0,2463.0,79.5,
2003-12-01,140.0,460.0,197.0,223.0,356.0,347.0,189.0,,514.0,42.0,2468.0,79.6,
2003-11-01,133.0,446.0,187.0,213.0,343.0,335.0,184.0,,514.0,42.0,2397.0,79.9,
2003-10-01,134.0,462.0,186.0,217.0,353.0,345.0,187.0,,504.0,42.0,2430.0,78.4,
2003-09-01,129.0,446.0,178.0,205.0,338.0,333.0,184.0,,502.0,42.0,2357.0,78.6,
2003-08-01,127.0,463.0,184.0,210.0,347.0,340.0,186.0,,480.0,42.0,2379.0,76.7,
2003-07-01,117.0,463.0,194.0,203.0,343.0,338.0,184.0,,464.0,42.0,2348.0,75.7,
2003-06-01,112.0,450.0,191.0,202.0,334.0,327.0,178.0,,452.0,42.0,2288.0,76.3,
2003-05-01,111.0,467.0,198.0,209.0,343.0,337.0,184.0,,442.0,42.0,2333.0,75.3,
2003-04-01,107.0,455.0,192.0,202.0,328.0,324.0,180.0,,437.0,42.0,2267.0,75.6,
2003-03-01,109.0,475.0,197.0,206.0,340.0,335.0,186.0,,424.0,42.0,2314.0,74.6,
2003-02-01,99.0,432.0,177.0,184.0,306.0,302.0,169.0,,400.0,42.0,2111.0,75.4,
2003-01-01,110.0,476.0,194.0,201.0,337.0,333.0,187.0,,414.0,42.0,2294.0,74.0,
2002-12-01,118.0,475.0,194.0,197.0,336.0,330.0,188.0,,408.0,53.0,2299.0,74.2,
2002-11-01,115.0,458.0,187.0,187.0,325.0,319.0,180.0,,413.0,53.0,2237.0,74.6,
2002-10-01,119.0,467.0,190.0,191.0,334.0,327.0,187.0,,405.0,53.0,2273.0,73.3,
2002-09-01,116.0,451.0,184.0,183.0,322.0,317.0,181.0,,385.0,53.0,2192.0,73.1,
2002-08-01,117.0,466.0,191.0,190.0,332.0,325.0,186.0,,366.0,53.0,2226.0,71.8,
2002-07-01,118.0,465.0,190.0,191.0,331.0,325.0,184.0,,360.0,53.0,2217.0,71.5,
2002-06-01,112.0,447.0,185.0,182.0,322.0,315.0,178.0,,358.0,53.0,2152.0,71.7,
2002-05-01,113.0,456.0,191.0,192.0,333.0,325.0,184.0,,350.0,53.0,2197.0,70.9,
2002-04-01,108.0,437.0,185.0,186.0,323.0,310.0,177.0,,332.0,53.0,2111.0,70.4,
2002-03-01,112.0,451.0,190.0,194.0,334.0,323.0,183.0,,318.0,53.0,2158.0,69.6,
2002-02-01,107.0,403.0,169.0,176.0,301.0,290.0,163.0,,311.0,53.0,1973.0,70.5,
2002-01-01,117.0,437.0,174.0,192.0,335.0,319.0,179.0,,315.0,53.0,2121.0,68.4,
2001-12-01,117.0,437.0,163.0,190.0,331.0,320.0,181.0,,328.0,49.0,2116.0,68.3,
2001-11-01,113.0,429.0,155.0,185.0,321.0,309.0,175.0,,300.0,49.0,2036.0,67.9,
2001-10-01,110.0,440.0,158.0,192.0,331.0,317.0,179.0,,291.0,49.0,2067.0,66.7,
2001-09-01,110.0,421.0,150.0,186.0,318.0,307.0,173.0,,279.0,49.0,1993.0,66.4,
2001-08-01,119.0,433.0,151.0,192.0,331.0,318.0,180.0,,283.0,49.0,2056.0,66.3,
2001-07-01,120.0,433.0,155.0,190.0,332.0,318.0,181.0,,274.0,49.0,2052.0,66.2,
2001-06-01,113.0,426.0,162.0,183.0,319.0,306.0,175.0,,277.0,49.0,2010.0,67.0,
2001-05-01,114.0,450.0,183.0,186.0,330.0,315.0,181.0,,280.0,49.0,2088.0,67.4,
2001-04-01,113.0,434.0,178.0,178.0,319.0,303.0,175.0,,271.0,49.0,2020.0,67.3,
2001-03-01,116.0,446.0,185.0,186.0,328.0,315.0,180.0,,271.0,49.0,2076.0,67.0,
2001-02-01,106.0,410.0,167.0,175.0,294.0,286.0,163.0,,271.0,49.0,1921.0,68.6,
2001-01-01,118.0,463.0,184.0,191.0,331.0,314.0,179.0,,246.0,49.0,2075.0,66.9,
2000-12-01,115.0,494.0,184.0,195.0,327.0,316.0,179.0,,283.0,56.0,2149.0,69.3,
2000-11-01,105.0,484.0,178.0,186.0,316.0,306.0,174.0,,256.0,56.0,2061.0,68.7,
2000-10-01,108.0,500.0,184.0,191.0,326.0,313.0,180.0,,248.0,56.0,2106.0,67.9,
2000-09-01,99.0,484.0,178.0,183.0,313.0,302.0,173.0,,249.0,56.0,2037.0,67.9,
2000-08-01,100.0,495.0,185.0,188.0,323.0,313.0,178.0,,239.0,56.0,2077.0,67.0,
2000-07-01,97.0,496.0,184.0,188.0,321.0,314.0,179.0,,228.0,56.0,2063.0,66.5,
2000-06-01,93.0,492.0,179.0,182.0,309.0,302.0,172.0,,242.0,56.0,2027.0,67.6,
2000-05-01,94.0,528.0,184.0,187.0,319.0,312.0,176.0,,211.0,56.0,2067.0,66.7,
2000-04-01,90.0,510.0,178.0,179.0,307.0,302.0,170.0,,209.0,56.0,2001.0,66.7,
2000-03-01,93.0,529.0,183.0,186.0,319.0,310.0,175.0,,209.0,56.0,2060.0,66.5,
2000-02-01,87.0,497.0,171.0,173.0,299.0,290.0,164.0,,208.0,56.0,1945.0,67.1,
2000-01-01,97.0,532.0,179.0,183.0,322.0,309.0,174.0,,212.0,56.0,2064.0,66.6,
1999-12-01,95.0,531.0,181.0,180.0,318.0,311.0,174.0,,235.0,39.0,2064.0,66.6,
1999-11-01,92.0,512.0,176.0,173.0,309.0,296.0,168.0,,239.0,39.0,2004.0,66.8,
1999-10-01,95.0,525.0,183.0,177.0,318.0,306.0,173.0,,221.0,39.0,2037.0,65.7,
1999-09-01,92.0,504.0,176.0,169.0,306.0,295.0,168.0,,224.0,39.0,1973.0,65.8,
1999-08-01,94.0,526.0,179.0,169.0,316.0,307.0,172.0,,224.0,39.0,2026.0,65.4,
1999-07-01,93.0,522.0,177.0,164.0,315.0,303.0,173.0,,215.0,39.0,2001.0,64.5,
1999-06-01,90.0,506.0,171.0,156.0,307.0,294.0,165.0,,226.0,39.0,1954.0,65.1,
1999-05-01,93.0,522.0,175.0,160.0,317.0,303.0,172.0,,213.0,39.0,1994.0,64.3,
1999-04-01,90.0,506.0,168.0,153.0,305.0,294.0,167.0,,210.0,39.0,1932.0,64.4,
1999-03-01,90.0,524.0,174.0,159.0,315.0,303.0,172.0,,200.0,39.0,1976.0,63.7,
1999-02-01,81.0,471.0,158.0,145.0,282.0,272.0,154.0,,197.0,39.0,1799.0,64.3,
1999-01-01,90.0,520.0,175.0,161.0,312.0,300.0,170.0,,194.0,39.0,1961.0,63.3,
1998-12-01,90.0,520.0,176.0,159.0,311.0,295.0,170.0,,,231.0,1952.0,63.0,
1998-11-01,86.0,504.0,171.0,152.0,298.0,282.0,163.0,,,231.0,1887.0,62.9,
1998-10-01,89.0,517.0,176.0,152.0,305.0,293.0,167.0,,,231.0,1930.0,62.3,
1998-09-01,86.0,505.0,170.0,148.0,293.0,279.0,158.0,,,231.0,1870.0,62.3,
1998-08-01,89.0,520.0,175.0,150.0,303.0,292.0,166.0,,,231.0,1926.0,62.1,
1998-07-01,86.0,520.0,176.0,148.0,303.0,291.0,165.0,,,231.0,1920.0,61.9,
1998-06-01,80.0,502.0,170.0,145.0,291.0,283.0,159.0,,,231.0,1861.0,62.0,
1998-05-01,83.0,517.0,174.0,154.0,300.0,289.0,163.0,,,231.0,1911.0,61.6,
1998-04-01,83.0,500.0,172.0,155.0,288.0,279.0,156.0,,,231.0,1864.0,62.1,
1998-03-01,90.0,514.0,177.0,164.0,296.0,288.0,159.0,,,231.0,1919.0,61.9,
1998-02-01,87.0,459.0,161.0,150.0,267.0,260.0,145.0,,,231.0,1760.0,62.9,
1998-01-01,94.0,508.0,177.0,166.0,294.0,288.0,163.0,,,231.0,1921.0,62.0,
1997-12-01,96.0,511.0,179.0,164.0,291.0,286.0,165.0,,,194.0,1886.0,60.8,
1997-11-01,93.0,491.0,173.0,160.0,280.0,278.0,160.0,,,194.0,1829.0,61.0,
1997-10-01,94.0,506.0,179.0,163.0,287.0,286.0,164.0,,,194.0,1873.0,60.4,
1997-09-01,90.0,485.0,174.0,158.0,274.0,273.0,156.0,,,194.0,1804.0,60.1,
1997-08-01,94.0,501.0,180.0,162.0,280.0,279.0,158.0,,,194.0,1848.0,59.6,
1997-07-01,94.0,502.0,180.0,161.0,279.0,281.0,156.0,,,194.0,1847.0,59.6,
1997-06-01,90.0,487.0,175.0,154.0,269.0,271.0,145.0,,,194.0,1785.0,59.5,
1997-05-01,93.0,502.0,180.0,162.0,277.0,282.0,146.0,,,194.0,1836.0,59.2,
1997-04-01,91.0,485.0,175.0,156.0,266.0,272.0,139.0,,,194.0,1778.0,59.3,
1997-03-01,94.0,504.0,180.0,162.0,274.0,279.0,143.0,,,194.0,1830.0,59.0,
1997-02-01,84.0,455.0,163.0,144.0,247.0,251.0,129.0,,,194.0,1667.0,59.5,
1997-01-01,93.0,501.0,178.0,164.0,273.0,278.0,143.0,,,194.0,1824.0,58.8,
1996-12-01,93.0,501.0,179.0,148.0,273.0,269.0,145.0,,,185.0,1793.0,57.8,
1996-11-01,90.0,483.0,173.0,139.0,263.0,263.0,140.0,,,185.0,1736.0,57.9,
1996-10-01,93.0,498.0,179.0,138.0,270.0,270.0,143.0,,,185.0,1776.0,57.3,
1996-09-01,89.0,479.0,172.0,130.0,261.0,261.0,139.0,,,185.0,1716.0,57.2,
1996-08-01,92.0,496.0,178.0,135.0,269.0,268.0,142.0,,,185.0,1765.0,56.9,
1996-07-01,91.0,494.0,179.0,133.0,271.0,268.0,140.0,,,185.0,1761.0,56.8,
1996-06-01,87.0,480.0,172.0,130.0,261.0,259.0,134.0,,,185.0,1708.0,56.9,
1996-05-01,86.0,498.0,177.0,134.0,269.0,271.0,139.0,,,185.0,1759.0,56.7,
1996-04-01,79.0,480.0,174.0,126.0,261.0,264.0,134.0,,,185.0,1703.0,56.8,
1996-03-01,76.0,496.0,179.0,138.0,270.0,273.0,138.0,,,185.0,1755.0,56.6,
1996-02-01,69.0,464.0,167.0,132.0,253.0,252.0,128.0,,,185.0,1650.0,56.9,
1996-01-01,70.0,491.0,178.0,141.0,271.0,267.0,134.0,,,185.0,1737.0,56.0,
1995-12-01,68.0,479.0,179.0,140.0,505.0,,134.0,,,189.0,1694.0,54.6,
1995-11-01,62.0,439.0,172.0,136.0,490.0,,129.0,,,189.0,1617.0,53.9,
1995-10-01,60.0,448.0,178.0,140.0,506.0,,134.0,,,189.0,1655.0,53.4,
1995-09-01,54.0,465.0,172.0,135.0,490.0,,130.0,,,189.0,1635.0,54.5,
1995-08-01,53.0,476.0,177.0,140.0,500.0,,134.0,,,189.0,1669.0,53.8,
1995-07-01,50.0,478.0,176.0,140.0,503.0,,133.0,,,189.0,1669.0,53.8,
1995-06-01,47.0,462.0,168.0,137.0,481.0,,129.0,,,189.0,1613.0,53.8,
1995-05-01,49.0,476.0,173.0,141.0,490.0,,132.0,,,189.0,1650.0,53.2,
1995-04-01,48.0,456.0,166.0,136.0,476.0,,128.0,,,189.0,1599.0,53.3,
1995-03-01,48.0,471.0,169.0,141.0,497.0,,133.0,,,189.0,1648.0,53.2,
1995-02-01,44.0,425.0,153.0,129.0,454.0,,119.0,,,189.0,1513.0,54.0,
1995-01-01,48.0,471.0,175.0,141.0,493.0,,131.0,,,189.0,1648.0,53.2,
1994-12-01,46.0,471.0,169.0,139.0,488.0,,131.0,,,326.0,1770.0,57.1,
1994-11-01,44.0,454.0,164.0,134.0,470.0,,127.0,,,326.0,1719.0,57.3,
1994-10-01,45.0,467.0,167.0,136.0,481.0,,132.0,,,326.0,1754.0,56.6,
1994-09-01,46.0,451.0,164.0,130.0,461.0,,129.0,,,326.0,1707.0,56.9,
1994-08-01,49.0,464.0,169.0,134.0,256.0,,133.0,,,326.0,1531.0,49.4,
1994-07-01,48.0,465.0,167.0,135.0,256.0,,132.0,,,326.0,1529.0,49.3,
1994-06-01,47.0,452.0,164.0,128.0,245.0,,129.0,,,326.0,1491.0,49.7,
1994-05-01,50.0,468.0,167.0,132.0,256.0,,132.0,,,326.0,1531.0,49.4,
1994-04-01,50.0,456.0,162.0,128.0,257.0,,127.0,,,326.0,1506.0,50.2,
1994-03-01,52.0,480.0,164.0,133.0,270.0,,139.0,,,326.0,1564.0,50.5,
1994-02-01,47.0,438.0,154.0,121.0,246.0,,130.0,,,326.0,1462.0,52.2,
1994-01-01,52.0,488.0,165.0,135.0,275.0,,142.0,,,326.0,1583.0,51.1,
1993-12-01,53.0,490.0,164.0,134.0,272.0,,143.0,,,395.0,1651.0,53.3,
1993-11-01,51.0,478.0,160.0,127.0,266.0,,139.0,,,395.0,1616.0,53.9,
1993-10-01,52.0,499.0,162.0,133.0,272.0,,143.0,,,395.0,1656.0,53.4,
1993-09-01,50.0,481.0,161.0,127.0,265.0,,139.0,,,395.0,1618.0,53.9,
1993-08-01,52.0,497.0,166.0,130.0,274.0,,144.0,,,395.0,1658.0,53.5,
1993-07-01,52.0,511.0,166.0,125.0,271.0,,143.0,,,395.0,1663.0,53.6,
1993-06-01,51.0,504.0,161.0,121.0,265.0,,138.0,,,395.0,1635.0,54.5,
1993-05-01,52.0,522.0,163.0,124.0,277.0,,143.0,,,395.0,1676.0,54.1,
1993-04-01,51.0,503.0,163.0,125.0,266.0,,135.0,,,395.0,1638.0,54.6,
1993-03-01,52.0,520.0,163.0,132.0,277.0,,135.0,,,395.0,1674.0,54.0,
1993-02-01,47.0,467.0,154.0,120.0,253.0,,120.0,,,395.0,1556.0,55.6,
1993-01-01,53.0,528.0,166.0,132.0,278.0,,131.0,,,395.0,1683.0,54.3,
1992-12-01,53.0,539.0,166.0,131.0,281.0,,130.0,,,391.0,1691.0,54.5,
1992-11-01,51.0,520.0,163.0,124.0,275.0,,122.0,,,391.0,1646.0,54.9,
1992-10-01,53.0,527.0,167.0,125.0,282.0,,128.0,,,391.0,1673.0,54.0,
1992-09-01,51.0,500.0,162.0,117.0,274.0,,119.0,,,391.0,1614.0,53.8,
1992-08-01,52.0,509.0,166.0,119.0,283.0,,121.0,,,391.0,1641.0,52.9,
1992-07-01,52.0,500.0,164.0,116.0,282.0,,120.0,,,391.0,1625.0,52.4,
1992-06-01,50.0,483.0,161.0,106.0,273.0,,123.0,,,391.0,1587.0,52.9,
1992-05-01,52.0,499.0,163.0,109.0,284.0,,126.0,,,391.0,1624.0,52.4,
1992-04-01,51.0,482.0,159.0,106.0,271.0,,123.0,,,391.0,1583.0,52.8,
1992-03-01,52.0,497.0,155.0,111.0,276.0,,126.0,,,391.0,1608.0,51.9,
1992-02-01,48.0,463.0,156.0,104.0,262.0,,118.0,,,391.0,1542.0,53.2,
1992-01-01,52.0,497.0,167.0,111.0,276.0,,127.0,,,391.0,1621.0,52.3,
1991-12-01,52.0,496.0,169.0,104.0,284.0,,127.0,,,406.0,1638.0,52.8,
1991-11-01,50.0,488.0,166.0,100.0,278.0,,123.0,,,406.0,1611.0,53.7,
1991-10-01,52.0,507.0,170.0,104.0,297.0,,127.0,,,406.0,1663.0,53.6,
1991-09-01,50.0,489.0,168.0,100.0,292.0,,124.0,,,406.0,1629.0,54.3,
1991-08-01,52.0,508.0,171.0,105.0,301.0,,128.0,,,406.0,1671.0,53.9,
1991-07-01,52.0,513.0,170.0,104.0,302.0,,127.0,,,406.0,1674.0,54.0,
1991-06-01,51.0,496.0,168.0,101.0,291.0,,124.0,,,406.0,1637.0,54.6,
1991-05-01,52.0,513.0,168.0,104.0,301.0,,125.0,,,406.0,1669.0,53.8,
1991-04-01,50.0,491.0,159.0,101.0,290.0,,123.0,,,406.0,1620.0,54.0,
1991-03-01,52.0,505.0,156.0,105.0,300.0,,127.0,,,406.0,1651.0,53.3,
1991-02-01,47.0,450.0,162.0,94.0,270.0,,114.0,,,406.0,1543.0,55.1,
1991-01-01,52.0,491.0,169.0,101.0,299.0,,126.0,,,406.0,1644.0,53.0,
1990-12-01,52.0,486.0,170.0,96.0,303.0,,126.0,,,444.0,1677.0,54.1,
1990-11-01,50.0,464.0,160.0,97.0,292.0,,123.0,,,444.0,1630.0,54.3,
1990-10-01,52.0,481.0,157.0,98.0,301.0,,128.0,,,444.0,1661.0,53.6,
1990-09-01,50.0,463.0,149.0,93.0,294.0,,124.0,,,444.0,1617.0,53.9,
1990-08-01,51.0,475.0,152.0,95.0,301.0,,128.0,,,444.0,1646.0,53.1,
1990-07-01,51.0,472.0,147.0,94.0,301.0,,127.0,,,444.0,1636.0,52.8,
1990-06-01,49.0,459.0,143.0,91.0,295.0,,123.0,,,444.0,1604.0,53.5,
1990-05-01,51.0,474.0,146.0,89.0,302.0,,127.0,,,444.0,1633.0,52.7,
1990-04-01,48.0,459.0,144.0,86.0,292.0,,123.0,,,444.0,1596.0,53.2,
1990-03-01,51.0,477.0,142.0,96.0,305.0,,127.0,,,444.0,1642.0,53.0,
1990-02-01,46.0,431.0,135.0,88.0,274.0,,115.0,,,444.0,1533.0,54.8,
1990-01-01,51.0,476.0,145.0,95.0,301.0,,127.0,,,444.0,1639.0,52.9,
1989-12-01,51.0,475.0,147.0,98.0,302.0,,127.0,,,423.0,1623.0,52.4,
1989-11-01,49.0,456.0,143.0,94.0,292.0,,123.0,,,423.0,1580.0,52.7,
1989-10-01,51.0,461.0,145.0,96.0,304.0,,127.0,,,423.0,1607.0,51.8,
1989-09-01,50.0,453.0,142.0,90.0,293.0,,123.0,,,423.0,1574.0,52.5,
1989-08-01,51.0,471.0,146.0,93.0,303.0,,127.0,,,423.0,1614.0,52.1,
1989-07-01,51.0,478.0,145.0,90.0,304.0,,129.0,,,423.0,1620.0,52.3,
1989-06-01,49.0,464.0,142.0,88.0,294.0,,124.0,,,423.0,1584.0,52.8,
1989-05-01,51.0,480.0,142.0,91.0,304.0,,129.0,,,423.0,1620.0,52.3,
1989-04-01,50.0,462.0,139.0,89.0,297.0,,124.0,,,423.0,1584.0,52.8,
1989-03-01,52.0,478.0,138.0,92.0,304.0,,127.0,,,423.0,1614.0,52.1,
1989-02-01,47.0,431.0,131.0,82.0,276.0,,116.0,,,423.0,1506.0,53.8,
1989-01-01,51.0,478.0,138.0,90.0,307.0,,125.0,,,423.0,1612.0,52.0,
1988-12-01,52.0,476.0,137.0,89.0,303.0,,126.0,,,423.0,1606.0,51.8,
1988-11-01,50.0,460.0,134.0,85.0,291.0,,122.0,,,423.0,1565.0,52.2,
1988-10-01,52.0,473.0,133.0,86.0,303.0,,126.0,,,423.0,1596.0,51.5,
1988-09-01,50.0,454.0,130.0,82.0,290.0,,120.0,,,423.0,1549.0,51.6,
1988-08-01,52.0,464.0,132.0,83.0,300.0,,122.0,,,423.0,1576.0,50.8,
1988-07-01,51.0,465.0,131.0,81.0,302.0,,121.0,,,423.0,1574.0,50.8,
1988-06-01,49.0,450.0,128.0,78.0,290.0,,114.0,,,423.0,1532.0,51.1,
1988-05-01,48.0,465.0,129.0,82.0,296.0,,116.0,,,423.0,1559.0,50.3,
1988-04-01,47.0,447.0,125.0,79.0,283.0,,111.0,,,423.0,1515.0,50.5,
1988-03-01,49.0,456.0,126.0,82.0,283.0,,113.0,,,423.0,1532.0,49.4,
1988-02-01,47.0,421.0,123.0,75.0,263.0,,104.0,,,423.0,1456.0,50.2,
1988-01-01,50.0,444.0,125.0,79.0,284.0,,112.0,,,423.0,1517.0,48.9,
1987-12-01,50.0,441.0,128.0,78.0,288.0,,111.0,,,324.0,1420.0,45.8,
1987-11-01,48.0,423.0,125.0,73.0,291.0,,108.0,,,324.0,1392.0,46.4,
1987-10-01,50.0,435.0,128.0,74.0,295.0,,111.0,,,324.0,1417.0,45.7,
1987-09-01,48.0,413.0,124.0,70.0,283.0,,108.0,,,324.0,1370.0,45.7,
1987-08-01,49.0,421.0,127.0,70.0,293.0,,111.0,,,324.0,1395.0,45.0,
1987-07-01,47.0,415.0,125.0,76.0,292.0,,111.0,,,324.0,1390.0,44.8,
1987-06-01,44.0,400.0,123.0,78.0,288.0,,106.0,,,324.0,1363.0,45.4,
1987-05-01,45.0,408.0,125.0,80.0,293.0,,108.0,,,324.0,1383.0,44.6,
1987-04-01,47.0,391.0,122.0,77.0,285.0,,102.0,,,324.0,1348.0,44.9,
1987-03-01,49.0,399.0,120.0,84.0,293.0,,105.0,,,324.0,1374.0,44.3,
1987-02-01,45.0,354.0,118.0,79.0,268.0,,91.0,,,324.0,1279.0,45.7,
1987-01-01,50.0,389.0,121.0,88.0,293.0,,101.0,,,324.0,1366.0,44.1,
1986-12-01,50.0,379.0,128.0,88.0,295.0,,100.0,,,303.0,1343.0,43.3,
1986-11-01,48.0,360.0,123.0,87.0,283.0,,93.0,,,303.0,1297.0,43.2,
1986-10-01,49.0,366.0,125.0,90.0,292.0,,96.0,,,303.0,1321.0,42.6,
1986-09-01,47.0,349.0,121.0,87.0,282.0,,92.0,,,303.0,1281.0,42.7,
1986-08-01,49.0,355.0,124.0,89.0,289.0,,95.0,,,303.0,1304.0,42.1,
1986-07-01,48.0,349.0,121.0,88.0,290.0,,95.0,,,303.0,1294.0,41.7,
1986-06-01,44.0,354.0,118.0,87.0,281.0,,92.0,,,303.0,1279.0,42.6,
1986-05-01,46.0,393.0,118.0,89.0,287.0,,94.0,,,303.0,1330.0,42.9,
1986-04-01,44.0,374.0,111.0,88.0,276.0,,91.0,,,303.0,1287.0,42.9,
1986-03-01,45.0,384.0,106.0,96.0,286.0,,93.0,,,303.0,1313.0,42.4,
1986-02-01,41.0,353.0,98.0,88.0,256.0,,84.0,,,303.0,1223.0,43.7,
1986-01-01,45.0,386.0,104.0,97.0,282.0,,94.0,,,303.0,1311.0,42.3,
1985-12-01,43.0,383.0,103.0,99.0,283.0,,94.0,,,291.0,1296.0,41.8,
1985-11-01,42.0,373.0,100.0,96.0,273.0,,91.0,,,291.0,1266.0,42.2,
1985-10-01,42.0,397.0,101.0,99.0,281.0,,94.0,,,291.0,1305.0,42.1,
1985-09-01,41.0,388.0,96.0,95.0,272.0,,90.0,,,291.0,1273.0,42.4,
1985-08-01,42.0,400.0,99.0,98.0,277.0,,94.0,,,291.0,1301.0,42.0,
1985-07-01,42.0,402.0,97.0,99.0,281.0,,93.0,,,291.0,1305.0,42.1,
1985-06-01,40.0,396.0,95.0,94.0,274.0,,89.0,,,291.0,1279.0,42.6,
1985-05-01,40.0,413.0,96.0,99.0,283.0,,91.0,,,291.0,1313.0,42.4,
1985-04-01,36.0,400.0,94.0,92.0,276.0,,89.0,,,291.0,1278.0,42.6,
1985-03-01,35.0,418.0,95.0,100.0,284.0,,92.0,,,291.0,1315.0,42.4,
1985-02-01,33.0,382.0,88.0,91.0,258.0,,83.0,,,291.0,1226.0,43.8,
1985-01-01,36.0,429.0,96.0,101.0,285.0,,91.0,,,291.0,1329.0,42.9,
1984-12-01,35.0,436.0,92.0,102.0,288.0,,92.0,,,277.0,1322.0,42.6,
1984-11-01,34.0,424.0,90.0,101.0,281.0,,88.0,,,277.0,1295.0,43.2,
1984-10-01,34.0,443.0,88.0,103.0,292.0,,90.0,,,277.0,1327.0,42.8,
1984-09-01,35.0,430.0,87.0,101.0,285.0,,86.0,,,277.0,1301.0,43.4,
1984-08-01,35.0,448.0,89.0,107.0,295.0,,87.0,,,277.0,1338.0,43.2,
1984-07-01,36.0,455.0,87.0,105.0,299.0,,86.0,,,277.0,1345.0,43.4,
1984-06-01,35.0,452.0,84.0,95.0,293.0,,82.0,,,277.0,1318.0,43.9,
1984-05-01,35.0,469.0,85.0,98.0,303.0,,81.0,,,277.0,1348.0,43.5,
1984-04-01,33.0,448.0,83.0,93.0,292.0,,77.0,,,277.0,1303.0,43.4,
1984-03-01,33.0,454.0,86.0,97.0,302.0,,79.0,,,277.0,1328.0,42.8,
1984-02-01,32.0,422.0,81.0,87.0,277.0,,74.0,,,277.0,1250.0,43.1,
1984-01-01,36.0,446.0,83.0,93.0,295.0,,76.0,,,277.0,1306.0,42.1,
1983-12-01,36.0,440.0,83.0,93.0,293.0,,73.0,,,261.0,1279.0,41.3,
1983-11-01,36.0,413.0,83.0,88.0,282.0,,67.0,,,261.0,1230.0,41.0,
1983-10-01,38.0,418.0,83.0,89.0,291.0,,65.0,,,261.0,1245.0,40.2,
1983-09-01,36.0,390.0,80.0,85.0,279.0,,61.0,,,261.0,1192.0,39.7,
1983-08-01,35.0,389.0,83.0,87.0,283.0,,61.0,,,261.0,1199.0,38.7,
1983-07-01,34.0,375.0,82.0,83.0,285.0,,59.0,,,261.0,1179.0,38.0,
1983-06-01,35.0,348.0,79.0,77.0,274.0,,56.0,,,261.0,1130.0,37.7,
1983-05-01,37.0,355.0,79.0,80.0,279.0,,55.0,,,261.0,1146.0,37.0,
1983-04-01,37.0,333.0,76.0,77.0,269.0,,52.0,,,261.0,1105.0,36.8,
1983-03-01,38.0,338.0,75.0,78.0,273.0,,53.0,,,261.0,1116.0,36.0,
1983-02-01,34.0,305.0,66.0,70.0,244.0,,47.0,,,261.0,1027.0,36.7,
1983-01-01,40.0,344.0,73.0,80.0,270.0,,51.0,,,261.0,1119.0,36.1,
1982-12-01,39.0,341.0,70.0,82.0,271.0,,50.0,,,254.0,1107.0,35.7,
1982-11-01,38.0,330.0,69.0,80.0,260.0,,47.0,,,254.0,1078.0,35.9,
1982-10-01,44.0,337.0,69.0,82.0,268.0,,48.0,,,254.0,1102.0,35.5,
1982-09-01,43.0,332.0,67.0,80.0,262.0,,46.0,,,254.0,1084.0,36.1,
1982-08-01,44.0,351.0,68.0,82.0,273.0,,46.0,,,254.0,1118.0,36.1,
1982-07-01,44.0,359.0,67.0,83.0,279.0,,45.0,,,254.0,1131.0,36.5,
1982-06-01,42.0,360.0,63.0,79.0,278.0,,46.0,,,254.0,1122.0,37.4,
1982-05-01,44.0,382.0,64.0,86.0,288.0,,45.0,,,254.0,1163.0,37.5,
1982-04-01,41.0,377.0,63.0,84.0,284.0,,43.0,,,254.0,1146.0,38.2,
1982-03-01,42.0,395.0,65.0,90.0,293.0,,45.0,,,254.0,1184.0,38.2,
1982-02-01,38.0,367.0,63.0,82.0,262.0,,41.0,,,254.0,1107.0,39.5,
1982-01-01,42.0,412.0,67.0,93.0,288.0,,46.0,,,254.0,1202.0,38.8,
1981-12-01,42.0,423.0,66.0,97.0,292.0,,46.0,,,235.0,1201.0,38.7,
1981-11-01,41.0,423.0,64.0,98.0,285.0,,45.0,,,235.0,1191.0,39.7,
1981-10-01,44.0,455.0,64.0,106.0,300.0,,45.0,,,235.0,1249.0,40.3,
1981-09-01,41.0,450.0,64.0,107.0,290.0,,45.0,,,235.0,1232.0,41.1,
1981-08-01,43.0,474.0,64.0,111.0,302.0,,46.0,,,235.0,1275.0,41.1,
1981-07-01,43.0,483.0,63.0,111.0,304.0,,46.0,,,235.0,1285.0,41.5,
1981-06-01,40.0,473.0,63.0,111.0,294.0,,45.0,,,235.0,1261.0,42.0,
1981-05-01,40.0,494.0,65.0,116.0,306.0,,45.0,,,235.0,1301.0,42.0,
1981-04-01,37.0,482.0,71.0,113.0,296.0,,43.0,,,235.0,1277.0,42.6,
1981-03-01,38.0,498.0,70.0,118.0,301.0,,46.0,,,235.0,1306.0,42.1,
1981-02-01,35.0,451.0,67.0,112.0,278.0,,41.0,,,235.0,1219.0,43.5,
1981-01-01,39.0,497.0,72.0,130.0,303.0,,43.0,,,235.0,1319.0,42.5,
1980-12-01,40.0,489.0,72.0,132.0,304.0,,44.0,,,232.0,1313.0,42.4,
1980-11-01,39.0,476.0,71.0,131.0,295.0,,41.0,,,232.0,1285.0,42.8,
1980-10-01,39.0,488.0,72.0,138.0,306.0,,40.0,,,232.0,1315.0,42.4,
1980-09-01,38.0,468.0,70.0,134.0,292.0,,37.0,,,232.0,1271.0,42.4,
1980-08-01,38.0,477.0,70.0,136.0,304.0,,38.0,,,232.0,1295.0,41.8,
1980-07-01,36.0,476.0,70.0,133.0,306.0,,38.0,,,232.0,1291.0,41.6,
1980-06-01,35.0,473.0,68.0,124.0,294.0,,37.0,,,232.0,1263.0,42.1,
1980-05-01,35.0,488.0,68.0,131.0,307.0,,38.0,,,232.0,1299.0,41.9,
1980-04-01,34.0,470.0,65.0,127.0,297.0,,37.0,,,232.0,1262.0,42.1,
1980-03-01,35.0,485.0,65.0,131.0,302.0,,38.0,,,232.0,1288.0,41.5,
1980-02-01,32.0,454.0,64.0,122.0,287.0,,35.0,,,232.0,1226.0,42.3,
1980-01-01,36.0,482.0,66.0,128.0,301.0,,37.0,,,232.0,1282.0,41.4,
1979-12-01,37.0,485.0,65.0,127.0,300.0,,37.0,,,230.0,1281.0,41.3,
1979-11-01,36.0,466.0,62.0,121.0,285.0,,36.0,,,230.0,1236.0,41.2,
1979-10-01,36.0,467.0,64.0,125.0,294.0,,37.0,,,230.0,1253.0,40.4,
1979-09-01,35.0,423.0,61.0,124.0,282.0,,36.0,,,230.0,1191.0,39.7,
1979-08-01,34.0,434.0,60.0,126.0,289.0,,36.0,,,230.0,1209.0,39.0,
1979-07-01,33.0,432.0,58.0,124.0,289.0,,35.0,,,230.0,1201.0,38.7,
1979-06-01,32.0,418.0,55.0,118.0,281.0,,35.0,,,230.0,1169.0,39.0,
1979-05-01,33.0,475.0,56.0,121.0,287.0,,35.0,,,230.0,1237.0,39.9,
1979-04-01,31.0,454.0,50.0,116.0,282.0,,34.0,,,230.0,1197.0,39.9,
1979-03-01,32.0,471.0,50.0,122.0,288.0,,36.0,,,230.0,1229.0,39.6,
1979-02-01,30.0,426.0,42.0,112.0,260.0,,32.0,,,230.0,1132.0,40.4,
1979-01-01,32.0,470.0,45.0,124.0,288.0,,36.0,,,230.0,1225.0,39.5,
1978-12-01,33.0,470.0,44.0,124.0,288.0,,35.0,,,227.0,1221.0,39.4,
1978-11-01,31.0,451.0,40.0,119.0,275.0,,35.0,,,227.0,1178.0,39.3,
1978-10-01,29.0,466.0,39.0,125.0,282.0,,36.0,,,227.0,1204.0,38.8,
1978-09-01,26.0,449.0,35.0,124.0,272.0,,34.0,,,227.0,1167.0,38.9,
1978-08-01,26.0,463.0,34.0,127.0,282.0,,35.0,,,227.0,1194.0,38.5,
1978-07-01,23.0,460.0,34.0,128.0,285.0,,35.0,,,227.0,1192.0,38.5,
1978-06-01,22.0,445.0,31.0,124.0,278.0,,34.0,,,227.0,1161.0,38.7,
1978-05-01,20.0,458.0,32.0,127.0,285.0,,35.0,,,227.0,1184.0,38.2,
1978-04-01,30.0,438.0,31.0,124.0,278.0,,34.0,,,227.0,1162.0,38.7,
1978-03-01,32.0,447.0,32.0,132.0,284.0,,35.0,,,227.0,1189.0,38.4,
1978-02-01,30.0,412.0,29.0,122.0,254.0,,31.0,,,227.0,1105.0,39.5,
1978-01-01,34.0,450.0,32.0,135.0,282.0,,35.0,,,227.0,1195.0,38.5,
1977-12-01,34.0,446.0,31.0,137.0,282.0,,34.0,,,223.0,1187.0,38.3,
1977-11-01,34.0,430.0,31.0,132.0,273.0,,33.0,,,223.0,1156.0,38.5,
1977-10-01,33.0,437.0,31.0,137.0,281.0,,35.0,,,223.0,1177.0,38.0,
1977-09-01,31.0,417.0,31.0,133.0,271.0,,33.0,,,223.0,1139.0,38.0,
1977-08-01,27.0,427.0,31.0,137.0,275.0,,35.0,,,223.0,1155.0,37.3,
1977-07-01,27.0,431.0,31.0,138.0,275.0,,34.0,,,223.0,1159.0,37.4,
1977-06-01,33.0,418.0,30.0,135.0,266.0,,32.0,,,223.0,1137.0,37.9,
1977-05-01,33.0,431.0,30.0,137.0,278.0,,32.0,,,223.0,1164.0,37.5,
1977-04-01,30.0,417.0,29.0,136.0,272.0,,31.0,,,223.0,1138.0,37.9,
1977-03-01,30.0,425.0,27.0,138.0,279.0,,33.0,,,223.0,1155.0,37.3,
1977-02-01,26.0,384.0,26.0,123.0,254.0,,29.0,,,223.0,1065.0,38.0,
1977-01-01,29.0,430.0,30.0,131.0,286.0,,32.0,,,223.0,1161.0,37.5,
1976-12-01,29.0,418.0,29.0,127.0,284.0,,33.0,,,217.0,1137.0,36.7,
1976-11-01,29.0,385.0,29.0,117.0,267.0,,32.0,,,217.0,1076.0,35.9,
1976-10-01,30.0,391.0,29.0,116.0,272.0,,33.0,,,217.0,1088.0,35.1,
1976-09-01,28.0,369.0,28.0,110.0,262.0,,32.0,,,217.0,1046.0,34.9,
1976-08-01,29.0,375.0,28.0,113.0,267.0,,33.0,,,217.0,1062.0,34.3,
1976-07-01,28.0,367.0,26.0,116.0,269.0,,33.0,,,217.0,1056.0,34.1,
1976-06-01,27.0,348.0,26.0,109.0,260.0,,30.0,,,217.0,1017.0,33.9,
1976-05-01,26.0,392.0,25.0,113.0,264.0,,31.0,,,217.0,1068.0,34.5,
1976-04-01,28.0,366.0,25.0,111.0,253.0,,30.0,,,217.0,1030.0,34.3,
1976-03-01,30.0,368.0,25.0,111.0,260.0,,30.0,,,217.0,1041.0,33.6,
1976-02-01,26.0,342.0,23.0,104.0,239.0,,27.0,,,217.0,978.0,33.7,
1976-01-01,27.0,364.0,23.0,118.0,253.0,,28.0,,,217.0,1030.0,33.2,
1975-12-01,25.0,362.0,24.0,119.0,255.0,,28.0,,,217.0,1030.0,33.2,
1975-11-01,22.0,351.0,23.0,118.0,244.0,,26.0,,,217.0,1001.0,33.4,
1975-10-01,22.0,354.0,24.0,120.0,251.0,,27.0,,,217.0,1015.0,32.7,
1975-09-01,22.0,342.0,22.0,113.0,242.0,,27.0,,,217.0,985.0,32.8,
1975-08-01,22.0,352.0,23.0,119.0,249.0,,27.0,,,217.0,1009.0,32.5,
1975-07-01,22.0,353.0,23.0,118.0,257.0,,27.0,,,217.0,1017.0,32.8,
1975-06-01,21.0,343.0,23.0,112.0,252.0,,27.0,,,217.0,995.0,33.2,
1975-05-01,23.0,368.0,24.0,115.0,264.0,,27.0,,,217.0,1038.0,33.5,
1975-04-01,23.0,370.0,22.0,113.0,259.0,,26.0,,,217.0,1030.0,34.3,
1975-03-01,24.0,394.0,23.0,114.0,268.0,,28.0,,,217.0,1068.0,34.5,
1975-02-01,22.0,366.0,21.0,108.0,245.0,,25.0,,,217.0,1004.0,35.9,
1975-01-01,24.0,445.0,23.0,121.0,276.0,,28.0,,,217.0,1134.0,36.6,
1974-12-01,25.0,464.0,22.0,126.0,275.0,,29.0,,,211.0,1152.0,37.2,
1974-11-01,25.0,455.0,22.0,124.0,265.0,,26.0,,,211.0,1128.0,37.6,
1974-10-01,25.0,463.0,23.0,129.0,268.0,,28.0,,,211.0,1147.0,37.0,
1974-09-01,24.0,443.0,20.0,125.0,264.0,,28.0,,,211.0,1115.0,37.2,
1974-08-01,25.0,452.0,21.0,129.0,269.0,,29.0,,,211.0,1136.0,36.6,
1974-07-01,25.0,460.0,22.0,127.0,271.0,,28.0,,,211.0,1144.0,36.9,
1974-06-01,23.0,452.0,21.0,121.0,260.0,,28.0,,,211.0,1116.0,37.2,
1974-05-01,23.0,470.0,22.0,122.0,267.0,,28.0,,,211.0,1143.0,36.9,
1974-04-01,21.0,457.0,21.0,116.0,256.0,,27.0,,,211.0,1109.0,37.0,
1974-03-01,21.0,469.0,22.0,119.0,262.0,,28.0,,,211.0,1132.0,36.5,
1974-02-01,19.0,419.0,19.0,107.0,235.0,,24.0,,,211.0,1034.0,36.9,
1974-01-01,22.0,450.0,21.0,118.0,258.0,,27.0,,,211.0,1107.0,35.7,
1973-12-01,22.0,443.0,21.0,122.0,251.0,,28.0,,,165.0,1052.0,33.9,
1973-11-01,22.0,422.0,21.0,123.0,238.0,,26.0,,,165.0,1017.0,33.9,
1973-10-01,22.0,428.0,20.0,125.0,241.0,,27.0,,,165.0,1028.0,33.2,
1973-09-01,22.0,407.0,19.0,114.0,226.0,,27.0,,,165.0,980.0,32.7,
1973-08-01,23.0,411.0,19.0,117.0,232.0,,29.0,,,165.0,996.0,32.1,
1973-07-01,23.0,425.0,19.0,124.0,229.0,,28.0,,,165.0,1013.0,32.7,
1973-06-01,21.0,416.0,19.0,119.0,228.0,,27.0,,,165.0,995.0,33.2,
1973-05-01,20.0,428.0,19.0,123.0,235.0,,28.0,,,165.0,1018.0,32.8,
1973-04-01,18.0,415.0,19.0,119.0,223.0,,27.0,,,165.0,986.0,32.9,
1973-03-01,18.0,434.0,17.0,123.0,230.0,,26.0,,,165.0,1013.0,32.7,
1973-02-01,18.0,391.0,17.0,110.0,204.0,,24.0,,,165.0,929.0,33.2,
1973-01-01,20.0,419.0,19.0,120.0,220.0,,27.0,,,165.0,990.0,31.9,
